{
  "coord": {
    "lon": -96.7836,
    "lat": 32.7668
  },
  "weather": [
    {
      "id": 801,
      "main": "Clouds",
      "description": "few clouds",
      "icon": "02n"
    }
  ],
  "base": "stations",
  "main": {
    "temp": 81.66,
    "feels_like": 86.22,
    "temp_min": 79.14,
    "temp_max": 84.54,
    "pressure": 1013,
    "humidity": 72,
    "sea_level": 1013,
    "grnd_level": 998
  },
  "visibility": 10000,
  "wind": {
    "speed": 13.8,
    "deg": 170
  },
  "clouds": {
    "all": 20
  },
  "dt": 1722137531,
  "sys": {
    "type": 2,
    "id": 2075302,
    "country": "US",
    "sunrise": 1722080271,
    "sunset": 1722130151
  },
  "timezone": -18000,
  "id": 4684904,
  "name": "Dallas",
  "cod": 200
}